/*
 Navicat Premium Data Transfer

 Source Server         : mysql-localhost
 Source Server Type    : MySQL
 Source Server Version : 80011
 Source Host           : localhost:3306
 Source Schema         : purest

 Target Server Type    : MySQL
 Target Server Version : 80011
 File Encoding         : 65001

 Date: 15/01/2024 10:56:08
*/

SET NAMES utf8mb4;
SET FOREIGN_KEY_CHECKS = 0;

-- ----------------------------
-- Table structure for purest_dict_category
-- ----------------------------
DROP TABLE IF EXISTS `purest_dict_category`;
CREATE TABLE `purest_dict_category`  (
  `ID` decimal(19, 0) NOT NULL COMMENT '主键Id',
  `CREATE_BY` decimal(19, 0) NOT NULL COMMENT '创建人',
  `CREATE_TIME` datetime(0) NOT NULL COMMENT '创建时间',
  `UPDATE_BY` decimal(19, 0) NULL DEFAULT NULL COMMENT '修改人',
  `UPDATE_TIME` datetime(0) NULL DEFAULT NULL COMMENT '修改时间',
  `REMARK` varchar(1000) CHARACTER SET utf8mb4 COLLATE utf8mb4_0900_ai_ci NULL DEFAULT NULL COMMENT '备注',
  `NAME` varchar(20) CHARACTER SET utf8mb4 COLLATE utf8mb4_0900_ai_ci NOT NULL COMMENT '分类名称',
  `CODE` varchar(20) CHARACTER SET utf8mb4 COLLATE utf8mb4_0900_ai_ci NOT NULL COMMENT '分类编码',
  PRIMARY KEY (`ID`) USING BTREE,
  INDEX `AK_DIC_CODE`(`CODE`) USING BTREE
) ENGINE = InnoDB CHARACTER SET = utf8mb4 COLLATE = utf8mb4_0900_ai_ci COMMENT = '字典分类' ROW_FORMAT = Dynamic;

-- ----------------------------
-- Records of purest_dict_category
-- ----------------------------
INSERT INTO `purest_dict_category` VALUES (1, 0, '2023-11-01 11:30:36', NULL, NULL, '性别', '性别', 'dict_sex');
INSERT INTO `purest_dict_category` VALUES (2, 0, '2023-11-01 16:51:08', NULL, NULL, '测试', '测试', 'dict_test');

-- ----------------------------
-- Table structure for purest_dict_data
-- ----------------------------
DROP TABLE IF EXISTS `purest_dict_data`;
CREATE TABLE `purest_dict_data`  (
  `ID` decimal(19, 0) NOT NULL COMMENT '主键Id',
  `CREATE_BY` decimal(19, 0) NOT NULL COMMENT '创建人',
  `CREATE_TIME` datetime(0) NOT NULL COMMENT '创建时间',
  `UPDATE_BY` decimal(19, 0) NULL DEFAULT NULL COMMENT '修改人',
  `UPDATE_TIME` datetime(0) NULL DEFAULT NULL COMMENT '修改时间',
  `REMARK` varchar(1000) CHARACTER SET utf8mb4 COLLATE utf8mb4_0900_ai_ci NULL DEFAULT NULL COMMENT '备注',
  `CATEGORY_ID` decimal(19, 0) NOT NULL COMMENT '字典分类ID',
  `NAME` varchar(20) CHARACTER SET utf8mb4 COLLATE utf8mb4_0900_ai_ci NOT NULL COMMENT '字典名称',
  `SORT` decimal(8, 0) NOT NULL COMMENT '排序',
  PRIMARY KEY (`ID`) USING BTREE,
  INDEX `FK_Reference_5`(`CATEGORY_ID`) USING BTREE,
  CONSTRAINT `FK_Reference_5` FOREIGN KEY (`CATEGORY_ID`) REFERENCES `purest_dict_category` (`id`) ON DELETE RESTRICT ON UPDATE RESTRICT
) ENGINE = InnoDB CHARACTER SET = utf8mb4 COLLATE = utf8mb4_0900_ai_ci COMMENT = '字典数据' ROW_FORMAT = Dynamic;

-- ----------------------------
-- Records of purest_dict_data
-- ----------------------------
INSERT INTO `purest_dict_data` VALUES (477836725936069, 450221440348101, '2023-11-01 15:42:39', 450221440348101, '2023-11-01 16:18:16', '男11111111', 1, '男', 1);
INSERT INTO `purest_dict_data` VALUES (477836982452165, 450221440348101, '2023-11-01 15:43:42', NULL, NULL, '女', 1, '女', 0);
INSERT INTO `purest_dict_data` VALUES (477853721669573, 450221440348101, '2023-11-01 16:51:48', NULL, NULL, '发烧的', 2, '阿发', 0);

-- ----------------------------
-- Table structure for purest_file_record
-- ----------------------------
DROP TABLE IF EXISTS `purest_file_record`;
CREATE TABLE `purest_file_record`  (
  `ID` decimal(19, 0) NOT NULL COMMENT 'Id',
  `CREATE_BY` decimal(19, 0) NOT NULL COMMENT '创建人',
  `CREATE_TIME` datetime(0) NOT NULL COMMENT '创建时间',
  `UPDATE_BY` decimal(19, 0) NULL DEFAULT NULL COMMENT '修改人',
  `UPDATE_TIME` datetime(0) NULL DEFAULT NULL COMMENT '修改时间',
  `REMARK` varchar(1000) CHARACTER SET utf8mb4 COLLATE utf8mb4_0900_ai_ci NULL DEFAULT NULL COMMENT '备注',
  `FILE_NAME` varchar(1000) CHARACTER SET utf8mb4 COLLATE utf8mb4_0900_ai_ci NOT NULL COMMENT '文件名',
  `FILE_SIZE` decimal(10, 0) NOT NULL COMMENT '文件大小',
  `FILE_EXT` varchar(10) CHARACTER SET utf8mb4 COLLATE utf8mb4_0900_ai_ci NOT NULL COMMENT '文件扩展名',
  `FULL_PATH` varchar(1000) CHARACTER SET utf8mb4 COLLATE utf8mb4_0900_ai_ci NOT NULL COMMENT '完整路径',
  PRIMARY KEY (`ID`) USING BTREE
) ENGINE = InnoDB CHARACTER SET = utf8mb4 COLLATE = utf8mb4_0900_ai_ci COMMENT = '文件上传记录表' ROW_FORMAT = Dynamic;

-- ----------------------------
-- Table structure for purest_function
-- ----------------------------
DROP TABLE IF EXISTS `purest_function`;
CREATE TABLE `purest_function`  (
  `ID` decimal(19, 0) NOT NULL COMMENT '主键Id',
  `CREATE_BY` decimal(19, 0) NOT NULL COMMENT '创建人',
  `CREATE_TIME` datetime(0) NOT NULL COMMENT '创建时间',
  `UPDATE_BY` decimal(19, 0) NULL DEFAULT NULL COMMENT '修改人',
  `UPDATE_TIME` datetime(0) NULL DEFAULT NULL COMMENT '修改时间',
  `REMARK` varchar(1000) CHARACTER SET utf8mb4 COLLATE utf8mb4_0900_ai_ci NULL DEFAULT NULL COMMENT '备注',
  `NAME` varchar(20) CHARACTER SET utf8mb4 COLLATE utf8mb4_0900_ai_ci NOT NULL COMMENT '名称',
  `CODE` varchar(40) CHARACTER SET utf8mb4 COLLATE utf8mb4_0900_ai_ci NOT NULL COMMENT '编码',
  `PARENT_ID` decimal(19, 0) NULL DEFAULT NULL COMMENT '隶属于',
  PRIMARY KEY (`ID`) USING BTREE
) ENGINE = InnoDB CHARACTER SET = utf8mb4 COLLATE = utf8mb4_0900_ai_ci COMMENT = '功能表' ROW_FORMAT = Dynamic;

-- ----------------------------
-- Records of purest_function
-- ----------------------------
INSERT INTO `purest_function` VALUES (450221440442309, 0, '2023-08-15 14:55:46', 450221440348101, '2023-08-24 15:47:42', 'sdfdsf', '系统管理', 'system', NULL);
INSERT INTO `purest_function` VALUES (450221440483269, 0, '2023-08-15 14:55:46', 450221440348101, '2023-08-28 15:41:38', 'df ', '组织机构页面', 'system.organization', 450221440442309);
INSERT INTO `purest_function` VALUES (450221440511941, 0, '2023-08-15 14:55:46', 450221440348101, '2023-08-24 18:33:18', 'sdf', '用户管理', 'system.user', 450221440442309);
INSERT INTO `purest_function` VALUES (450221440524229, 0, '2023-08-15 14:55:46', NULL, NULL, NULL, '角色管理', 'system.role', 450221440442309);
INSERT INTO `purest_function` VALUES (450221440536517, 0, '2023-08-15 14:55:46', NULL, NULL, NULL, '功能管理', 'system.function', 450221440442309);
INSERT INTO `purest_function` VALUES (450221440544709, 0, '2023-08-15 14:55:46', NULL, NULL, NULL, '字典管理', 'system.dictionary', 450221440442309);
INSERT INTO `purest_function` VALUES (450221440556997, 0, '2023-08-15 14:55:46', NULL, NULL, NULL, '系统配置', 'system.systemconfig', 450221440442309);
INSERT INTO `purest_function` VALUES (450221440618437, 0, '2023-08-15 14:55:46', 450221440348101, '2023-08-24 15:44:50', 'sfsfs', '组织机构新增', 'system.organization.add', 450221440483269);
INSERT INTO `purest_function` VALUES (450221440618438, 0, '2023-08-15 14:55:46', NULL, NULL, NULL, '组织机构编辑', 'system.organization.edit', 450221440483269);
INSERT INTO `purest_function` VALUES (450221440618439, 0, '2023-08-15 14:55:46', NULL, NULL, NULL, '组织机构查看', 'system.organization.view', 450221440483269);
INSERT INTO `purest_function` VALUES (450221440618440, 0, '2023-08-15 14:55:46', NULL, NULL, NULL, '组织机构删除', 'system.organization.delete', 450221440483269);
INSERT INTO `purest_function` VALUES (450221440618441, 0, '2023-08-15 14:55:46', NULL, NULL, NULL, '用户新增', 'system.user.add', 450221440511941);
INSERT INTO `purest_function` VALUES (450221440618442, 0, '2023-08-15 14:55:46', NULL, NULL, NULL, '用户编辑', 'system.user.edit', 450221440511941);
INSERT INTO `purest_function` VALUES (450221440618443, 0, '2023-08-15 14:55:46', NULL, NULL, NULL, '用户查看', 'system.user.view', 450221440511941);
INSERT INTO `purest_function` VALUES (450221440618444, 0, '2023-08-15 14:55:46', NULL, NULL, NULL, '用户删除', 'system.user.delete', 450221440511941);
INSERT INTO `purest_function` VALUES (450221440618445, 0, '2023-08-15 14:55:46', NULL, NULL, NULL, '重置密码', 'system.user.resetpassword', 450221440511941);
INSERT INTO `purest_function` VALUES (450221440618446, 0, '2023-08-15 14:55:46', NULL, NULL, NULL, '角色新增', 'system.role.add', 450221440524229);
INSERT INTO `purest_function` VALUES (450221440618447, 0, '2023-08-15 14:55:46', NULL, NULL, NULL, '角色编辑', 'system.role.edit', 450221440524229);
INSERT INTO `purest_function` VALUES (450221440618448, 0, '2023-08-15 14:55:46', NULL, NULL, NULL, '角色查看', 'system.role.view', 450221440524229);
INSERT INTO `purest_function` VALUES (450221440618449, 0, '2023-08-15 14:55:46', NULL, NULL, NULL, '角色删除', 'system.role.delete', 450221440524229);
INSERT INTO `purest_function` VALUES (450221440618450, 0, '2023-08-15 14:55:46', NULL, NULL, NULL, '页面权限', 'system.role.pagesecurity', 450221440524229);
INSERT INTO `purest_function` VALUES (450221440618451, 0, '2023-08-15 14:55:46', NULL, NULL, NULL, '接口权限', 'system.role.interfacesecurity', 450221440524229);
INSERT INTO `purest_function` VALUES (450221440618452, 0, '2023-08-15 14:55:46', NULL, NULL, NULL, '功能新增', 'system.function.add', 450221440536517);
INSERT INTO `purest_function` VALUES (450221440618453, 0, '2023-08-15 14:55:46', NULL, NULL, NULL, '功能编辑', 'system.function.edit', 450221440536517);
INSERT INTO `purest_function` VALUES (450221440618454, 0, '2023-08-15 14:55:46', NULL, NULL, NULL, '功能查看', 'system.function.view', 450221440536517);
INSERT INTO `purest_function` VALUES (450221440618455, 0, '2023-08-15 14:55:46', NULL, NULL, NULL, '功能删除', 'system.function.delete', 450221440536517);
INSERT INTO `purest_function` VALUES (450221440618456, 0, '2023-08-15 14:55:46', NULL, NULL, NULL, '字典新增', 'system.dictionary.add', 450221440544709);
INSERT INTO `purest_function` VALUES (450221440618457, 0, '2023-08-15 14:55:46', NULL, NULL, NULL, '字典编辑', 'system.dictionary.edit', 450221440544709);
INSERT INTO `purest_function` VALUES (450221440618458, 0, '2023-08-15 14:55:46', NULL, NULL, NULL, '字典查看', 'system.dictionary.view', 450221440544709);
INSERT INTO `purest_function` VALUES (450221440618459, 0, '2023-08-15 14:55:46', NULL, NULL, NULL, '字典删除', 'system.dictionary.delete', 450221440544709);
INSERT INTO `purest_function` VALUES (450221440618460, 0, '2023-08-15 14:55:46', NULL, NULL, NULL, '系统配置新增', 'system.systemconfig.add', 450221440556997);
INSERT INTO `purest_function` VALUES (450221440618461, 0, '2023-08-15 14:55:46', NULL, NULL, NULL, '系统配置编辑', 'system.systemconfig.edit', 450221440556997);
INSERT INTO `purest_function` VALUES (450221440618462, 0, '2023-08-15 14:55:46', NULL, NULL, NULL, '系统配置查看', 'system.systemconfig.view', 450221440556997);
INSERT INTO `purest_function` VALUES (450221440618463, 0, '2023-08-15 14:55:46', NULL, NULL, NULL, '系统配置删除', 'system.systemconfig.delete', 450221440556997);
INSERT INTO `purest_function` VALUES (457647685521349, 450221440348101, '2023-09-05 14:33:14', NULL, NULL, '', '绑定接口', 'system.function.bind', 450221440536517);
INSERT INTO `purest_function` VALUES (502186880950277, 450221440348101, '2024-01-09 11:03:41', NULL, NULL, '', '111', '2323', 502185446567941);
INSERT INTO `purest_function` VALUES (502194452877317, 450221440348101, '2024-01-09 11:34:30', NULL, NULL, '', '222222', '11', 502185446567941);

-- ----------------------------
-- Table structure for purest_function_interface
-- ----------------------------
DROP TABLE IF EXISTS `purest_function_interface`;
CREATE TABLE `purest_function_interface`  (
  `ID` decimal(19, 0) NOT NULL COMMENT '主键Id',
  `CREATE_BY` decimal(19, 0) NOT NULL COMMENT '创建人',
  `CREATE_TIME` datetime(0) NOT NULL COMMENT '创建时间',
  `UPDATE_BY` decimal(19, 0) NULL DEFAULT NULL COMMENT '修改人',
  `UPDATE_TIME` datetime(0) NULL DEFAULT NULL COMMENT '修改时间',
  `REMARK` varchar(1000) CHARACTER SET utf8mb4 COLLATE utf8mb4_0900_ai_ci NULL DEFAULT NULL COMMENT '备注',
  `INTERFACE_ID` decimal(19, 0) NULL DEFAULT NULL COMMENT '接口ID',
  `FUNCTION_ID` decimal(19, 0) NULL DEFAULT NULL COMMENT '功能ID',
  PRIMARY KEY (`ID`) USING BTREE,
  INDEX `FK_Reference_11`(`FUNCTION_ID`) USING BTREE,
  INDEX `FK_Reference_12`(`INTERFACE_ID`) USING BTREE,
  CONSTRAINT `FK_Reference_11` FOREIGN KEY (`FUNCTION_ID`) REFERENCES `purest_function` (`id`) ON DELETE RESTRICT ON UPDATE RESTRICT,
  CONSTRAINT `FK_Reference_12` FOREIGN KEY (`INTERFACE_ID`) REFERENCES `purest_interface` (`id`) ON DELETE RESTRICT ON UPDATE RESTRICT
) ENGINE = InnoDB CHARACTER SET = utf8mb4 COLLATE = utf8mb4_0900_ai_ci COMMENT = '页面接口表' ROW_FORMAT = Dynamic;

-- ----------------------------
-- Records of purest_function_interface
-- ----------------------------
INSERT INTO `purest_function_interface` VALUES (454830088662981, 450221440348101, '2023-08-28 15:28:24', NULL, NULL, NULL, 450609811034057, 450221440618437);
INSERT INTO `purest_function_interface` VALUES (454832898949061, 450221440348101, '2023-08-28 15:39:50', NULL, NULL, NULL, 450609811034053, 450221440483269);
INSERT INTO `purest_function_interface` VALUES (454833101549509, 450221440348101, '2023-08-28 15:40:40', NULL, NULL, NULL, 450609811034055, 450221440618438);
INSERT INTO `purest_function_interface` VALUES (454833163956165, 450221440348101, '2023-08-28 15:40:55', NULL, NULL, NULL, 450609811034054, 450221440618439);
INSERT INTO `purest_function_interface` VALUES (454833200095173, 450221440348101, '2023-08-28 15:41:04', NULL, NULL, NULL, 450609811034054, 450221440618438);
INSERT INTO `purest_function_interface` VALUES (454833223376837, 450221440348101, '2023-08-28 15:41:09', NULL, NULL, NULL, 450609811034056, 450221440618440);
INSERT INTO `purest_function_interface` VALUES (477843271860165, 450221440348101, '2023-11-01 16:09:17', NULL, NULL, NULL, 450609810386890, 450221440618456);
INSERT INTO `purest_function_interface` VALUES (477843383959493, 450221440348101, '2023-11-01 16:09:44', NULL, NULL, NULL, 450609810386887, 450221440618457);
INSERT INTO `purest_function_interface` VALUES (477843423338437, 450221440348101, '2023-11-01 16:09:54', NULL, NULL, NULL, 450609810386889, 450221440618458);
INSERT INTO `purest_function_interface` VALUES (477843432964037, 450221440348101, '2023-11-01 16:09:56', NULL, NULL, NULL, 450609810386885, 450221440618458);
INSERT INTO `purest_function_interface` VALUES (477843447156677, 450221440348101, '2023-11-01 16:10:00', NULL, NULL, NULL, 450609810202565, 450221440618458);
INSERT INTO `purest_function_interface` VALUES (477843494621125, 450221440348101, '2023-11-01 16:10:11', NULL, NULL, NULL, 450609810386888, 450221440618459);
INSERT INTO `purest_function_interface` VALUES (502255428534277, 450221440348101, '2024-01-09 15:42:36', NULL, NULL, NULL, 450609810063301, 450221440442309);

-- ----------------------------
-- Table structure for purest_interface
-- ----------------------------
DROP TABLE IF EXISTS `purest_interface`;
CREATE TABLE `purest_interface`  (
  `ID` decimal(19, 0) NOT NULL COMMENT '主键Id',
  `CREATE_BY` decimal(19, 0) NOT NULL COMMENT '创建人',
  `CREATE_TIME` datetime(0) NOT NULL COMMENT '创建时间',
  `UPDATE_BY` decimal(19, 0) NULL DEFAULT NULL COMMENT '修改人',
  `UPDATE_TIME` datetime(0) NULL DEFAULT NULL COMMENT '修改时间',
  `REMARK` varchar(1000) CHARACTER SET utf8mb4 COLLATE utf8mb4_0900_ai_ci NULL DEFAULT NULL COMMENT '备注',
  `NAME` varchar(20) CHARACTER SET utf8mb4 COLLATE utf8mb4_0900_ai_ci NOT NULL COMMENT '接口名称',
  `PATH` varchar(200) CHARACTER SET utf8mb4 COLLATE utf8mb4_0900_ai_ci NOT NULL COMMENT '接口地址',
  `REQUEST_METHOD` varchar(20) CHARACTER SET utf8mb4 COLLATE utf8mb4_0900_ai_ci NULL DEFAULT NULL COMMENT '请求方法',
  `GROUP_ID` decimal(19, 0) NULL DEFAULT NULL COMMENT '接口分组ID',
  PRIMARY KEY (`ID`) USING BTREE,
  INDEX `AK_Key_2`(`PATH`, `REQUEST_METHOD`) USING BTREE,
  INDEX `FK_Reference_17`(`GROUP_ID`) USING BTREE,
  CONSTRAINT `FK_Reference_17` FOREIGN KEY (`GROUP_ID`) REFERENCES `purest_interface_group` (`id`) ON DELETE RESTRICT ON UPDATE RESTRICT
) ENGINE = InnoDB CHARACTER SET = utf8mb4 COLLATE = utf8mb4_0900_ai_ci COMMENT = '接口表' ROW_FORMAT = Dynamic;

-- ----------------------------
-- Records of purest_interface
-- ----------------------------
INSERT INTO `purest_interface` VALUES (1, 0, '2023-08-23 10:59:32', NULL, NULL, NULL, '树形查询', '/api/function/tree', 'get', 450609810587589);
INSERT INTO `purest_interface` VALUES (450609810063301, 450221440348101, '2023-08-16 17:16:03', NULL, NULL, NULL, '用户登录', '/api/auth/login', 'post', 450609809813445);
INSERT INTO `purest_interface` VALUES (450609810063302, 450221440348101, '2023-08-16 17:16:03', NULL, NULL, NULL, '获取当前用户权限信息', '/api/auth/userinfo', 'get', 450609809813445);
INSERT INTO `purest_interface` VALUES (450609810063303, 450221440348101, '2023-08-16 17:16:03', NULL, NULL, NULL, '获取当前用户组织机构树', '/api/auth/organization-tree', 'get', 450609809813445);
INSERT INTO `purest_interface` VALUES (450609810202565, 450221440348101, '2023-08-16 17:16:03', NULL, NULL, NULL, '字典分类分页查询', '/api/dict-category/category-paged-list', 'get', 450609810141125);
INSERT INTO `purest_interface` VALUES (450609810202566, 450221440348101, '2023-08-16 17:16:03', NULL, NULL, NULL, '字典分类单条查询', '/api/dict-category/{id}', 'get', 450609810141125);
INSERT INTO `purest_interface` VALUES (450609810202567, 450221440348101, '2023-08-16 17:16:03', NULL, NULL, NULL, '字典分类编辑', '/api/dict-category/{id}', 'put', 450609810141125);
INSERT INTO `purest_interface` VALUES (450609810202568, 450221440348101, '2023-08-16 17:16:03', NULL, NULL, NULL, '字典分类删除', '/api/dict-category/{id}', 'delete', 450609810141125);
INSERT INTO `purest_interface` VALUES (450609810202569, 450221440348101, '2023-08-16 17:16:03', NULL, NULL, NULL, '字典分类添加', '/api/dict-category', 'post', 450609810141125);
INSERT INTO `purest_interface` VALUES (450609810386885, 450221440348101, '2023-08-16 17:16:03', NULL, NULL, NULL, '字典数据分页查询', '/api/dict-data/paged-list', 'get', 450609810268101);
INSERT INTO `purest_interface` VALUES (450609810386886, 450221440348101, '2023-08-16 17:16:03', NULL, NULL, NULL, '字典数据单条查询', '/api/dict-data/{id}', 'get', 450609810268101);
INSERT INTO `purest_interface` VALUES (450609810386887, 450221440348101, '2023-08-16 17:16:03', NULL, NULL, NULL, '字典数据编辑', '/api/dict-data/{id}', 'put', 450609810268101);
INSERT INTO `purest_interface` VALUES (450609810386888, 450221440348101, '2023-08-16 17:16:03', NULL, NULL, NULL, '字典数据删除', '/api/dict-data/{id}', 'delete', 450609810268101);
INSERT INTO `purest_interface` VALUES (450609810386889, 450221440348101, '2023-08-16 17:16:03', NULL, NULL, NULL, '根据字典分类获取字典数据', '/api/dict-data/by-code', 'get', 450609810268101);
INSERT INTO `purest_interface` VALUES (450609810386890, 450221440348101, '2023-08-16 17:16:03', NULL, NULL, NULL, '字典数据添加', '/api/dict-data', 'post', 450609810268101);
INSERT INTO `purest_interface` VALUES (450609810522053, 450221440348101, '2023-08-16 17:16:03', NULL, NULL, NULL, '下载文件', '/api/file/{fileid}/download', 'get', 450609810464709);
INSERT INTO `purest_interface` VALUES (450609810522054, 450221440348101, '2023-08-16 17:16:03', NULL, NULL, NULL, '上传文件', '/api/file/batch-upload', 'post', 450609810464709);
INSERT INTO `purest_interface` VALUES (450609810522055, 450221440348101, '2023-08-16 17:16:03', NULL, NULL, NULL, '上传文件', '/api/file/upload', 'post', 450609810464709);
INSERT INTO `purest_interface` VALUES (450609810522056, 450221440348101, '2023-08-16 17:16:03', NULL, NULL, NULL, '将 文件输出为 Url 地址', '/api/file/url/{fileid}', 'get', 450609810464709);
INSERT INTO `purest_interface` VALUES (450609810649029, 450221440348101, '2023-08-16 17:16:03', NULL, NULL, NULL, '分页查询', '/api/function/page', 'get', 450609810587589);
INSERT INTO `purest_interface` VALUES (450609810649030, 450221440348101, '2023-08-16 17:16:03', NULL, NULL, NULL, '单条查询', '/api/function/{id}', 'get', 450609810587589);
INSERT INTO `purest_interface` VALUES (450609810649031, 450221440348101, '2023-08-16 17:16:03', NULL, NULL, NULL, '编辑', '/api/function/{id}', 'put', 450609810587589);
INSERT INTO `purest_interface` VALUES (450609810649032, 450221440348101, '2023-08-16 17:16:03', NULL, NULL, NULL, '删除', '/api/function/{id}', 'delete', 450609810587589);
INSERT INTO `purest_interface` VALUES (450609810649033, 450221440348101, '2023-08-16 17:16:03', NULL, NULL, NULL, '添加', '/api/function', 'post', 450609810587589);
INSERT INTO `purest_interface` VALUES (450609810816965, 450221440348101, '2023-08-16 17:16:03', NULL, NULL, NULL, '接口导入', '/api/interface/import', 'post', 450609810714565);
INSERT INTO `purest_interface` VALUES (450609811034053, 450221440348101, '2023-08-16 17:16:03', NULL, NULL, NULL, '分页查询', '/api/organization/page', 'get', 450609810935749);
INSERT INTO `purest_interface` VALUES (450609811034054, 450221440348101, '2023-08-16 17:16:03', NULL, NULL, NULL, '单条查询', '/api/organization/{id}', 'get', 450609810935749);
INSERT INTO `purest_interface` VALUES (450609811034055, 450221440348101, '2023-08-16 17:16:03', NULL, NULL, NULL, '编辑', '/api/organization/{id}', 'put', 450609810935749);
INSERT INTO `purest_interface` VALUES (450609811034056, 450221440348101, '2023-08-16 17:16:03', NULL, NULL, NULL, '删除', '/api/organization/{id}', 'delete', 450609810935749);
INSERT INTO `purest_interface` VALUES (450609811034057, 450221440348101, '2023-08-16 17:16:03', NULL, NULL, NULL, '添加', '/api/organization', 'post', 450609810935749);
INSERT INTO `purest_interface` VALUES (450609811152837, 450221440348101, '2023-08-16 17:16:03', NULL, NULL, NULL, '分页查询', '/api/role/page', 'get', 450609811087301);
INSERT INTO `purest_interface` VALUES (450609811152838, 450221440348101, '2023-08-16 17:16:03', NULL, NULL, NULL, '查询所有', '/api/role/all', 'get', 450609811087301);
INSERT INTO `purest_interface` VALUES (450609811152839, 450221440348101, '2023-08-16 17:16:03', NULL, NULL, NULL, '单条查询', '/api/role/{id}', 'get', 450609811087301);
INSERT INTO `purest_interface` VALUES (450609811152840, 450221440348101, '2023-08-16 17:16:03', NULL, NULL, NULL, '编辑', '/api/role/{id}', 'put', 450609811087301);
INSERT INTO `purest_interface` VALUES (450609811152841, 450221440348101, '2023-08-16 17:16:03', NULL, NULL, NULL, '删除', '/api/role/{id}', 'delete', 450609811087301);
INSERT INTO `purest_interface` VALUES (450609811152842, 450221440348101, '2023-08-16 17:16:03', NULL, NULL, NULL, '添加', '/api/role', 'post', 450609811087301);
INSERT INTO `purest_interface` VALUES (450609811152843, 450221440348101, '2023-08-16 17:16:03', NULL, NULL, NULL, '赋给角色功能', '/api/role/{roleid}/assign-function', 'post', 450609811087301);
INSERT INTO `purest_interface` VALUES (450609811283909, 450221440348101, '2023-08-16 17:16:03', NULL, NULL, NULL, '分页查询', '/api/system-config/page', 'get', 450609811226565);
INSERT INTO `purest_interface` VALUES (450609811283910, 450221440348101, '2023-08-16 17:16:03', NULL, NULL, NULL, '单条查询', '/api/system-config/{id}', 'get', 450609811226565);
INSERT INTO `purest_interface` VALUES (450609811283911, 450221440348101, '2023-08-16 17:16:03', NULL, NULL, NULL, '编辑', '/api/system-config/{id}', 'put', 450609811226565);
INSERT INTO `purest_interface` VALUES (450609811283912, 450221440348101, '2023-08-16 17:16:03', NULL, NULL, NULL, '删除', '/api/system-config/{id}', 'delete', 450609811226565);
INSERT INTO `purest_interface` VALUES (450609811283913, 450221440348101, '2023-08-16 17:16:03', NULL, NULL, NULL, '添加', '/api/system-config', 'post', 450609811226565);
INSERT INTO `purest_interface` VALUES (450609811410885, 450221440348101, '2023-08-16 17:16:03', NULL, NULL, NULL, '分页查询', '/api/user/page', 'get', 450609811353541);
INSERT INTO `purest_interface` VALUES (450609811410886, 450221440348101, '2023-08-16 17:16:03', NULL, NULL, NULL, '单条查询', '/api/user/{id}', 'get', 450609811353541);
INSERT INTO `purest_interface` VALUES (450609811410887, 450221440348101, '2023-08-16 17:16:03', NULL, NULL, NULL, '编辑', '/api/user/{id}', 'put', 450609811353541);
INSERT INTO `purest_interface` VALUES (450609811410888, 450221440348101, '2023-08-16 17:16:03', NULL, NULL, NULL, '删除', '/api/user/{id}', 'delete', 450609811353541);
INSERT INTO `purest_interface` VALUES (450609811410889, 450221440348101, '2023-08-16 17:16:03', NULL, NULL, NULL, '添加', '/api/user', 'post', 450609811353541);
INSERT INTO `purest_interface` VALUES (450609811410890, 450221440348101, '2023-08-16 17:16:03', NULL, NULL, NULL, '重置密码', '/api/user/{id}/reset-password', 'get', 450609811353541);

-- ----------------------------
-- Table structure for purest_interface_group
-- ----------------------------
DROP TABLE IF EXISTS `purest_interface_group`;
CREATE TABLE `purest_interface_group`  (
  `ID` decimal(19, 0) NOT NULL COMMENT '主键Id',
  `CREATE_BY` decimal(19, 0) NOT NULL COMMENT '创建人',
  `CREATE_TIME` datetime(0) NOT NULL COMMENT '创建时间',
  `UPDATE_BY` decimal(19, 0) NULL DEFAULT NULL COMMENT '修改人',
  `UPDATE_TIME` datetime(0) NULL DEFAULT NULL COMMENT '修改时间',
  `REMARK` varchar(1000) CHARACTER SET utf8mb4 COLLATE utf8mb4_0900_ai_ci NULL DEFAULT NULL COMMENT '备注',
  `NAME` varchar(20) CHARACTER SET utf8mb4 COLLATE utf8mb4_0900_ai_ci NULL DEFAULT NULL COMMENT '名称',
  `CODE` varchar(40) CHARACTER SET utf8mb4 COLLATE utf8mb4_0900_ai_ci NOT NULL COMMENT '编码',
  PRIMARY KEY (`ID`) USING BTREE
) ENGINE = InnoDB CHARACTER SET = utf8mb4 COLLATE = utf8mb4_0900_ai_ci COMMENT = '接口分组表' ROW_FORMAT = Dynamic;

-- ----------------------------
-- Records of purest_interface_group
-- ----------------------------
INSERT INTO `purest_interface_group` VALUES (450609809813445, 450221440348101, '2023-08-16 17:16:03', NULL, NULL, NULL, '用户权限', 'auth');
INSERT INTO `purest_interface_group` VALUES (450609810141125, 450221440348101, '2023-08-16 17:16:03', NULL, NULL, NULL, '字典服务接口', 'dict-category');
INSERT INTO `purest_interface_group` VALUES (450609810268101, 450221440348101, '2023-08-16 17:16:03', NULL, NULL, NULL, '字典服务接口', 'dict-data');
INSERT INTO `purest_interface_group` VALUES (450609810464709, 450221440348101, '2023-08-16 17:16:03', NULL, NULL, NULL, '文件上传下载', 'file');
INSERT INTO `purest_interface_group` VALUES (450609810587589, 450221440348101, '2023-08-16 17:16:03', NULL, NULL, NULL, '功能接口实现', 'function');
INSERT INTO `purest_interface_group` VALUES (450609810714565, 450221440348101, '2023-08-16 17:16:03', NULL, NULL, NULL, '功能接口实现', 'interface');
INSERT INTO `purest_interface_group` VALUES (450609810935749, 450221440348101, '2023-08-16 17:16:03', NULL, NULL, NULL, '组织机构服务接口', 'organization');
INSERT INTO `purest_interface_group` VALUES (450609811087301, 450221440348101, '2023-08-16 17:16:03', NULL, NULL, NULL, '角色接口', 'role');
INSERT INTO `purest_interface_group` VALUES (450609811226565, 450221440348101, '2023-08-16 17:16:03', NULL, NULL, NULL, '系统配置服务接口', 'system-config');
INSERT INTO `purest_interface_group` VALUES (450609811353541, 450221440348101, '2023-08-16 17:16:03', NULL, NULL, NULL, '用户服务接口', 'user');

-- ----------------------------
-- Table structure for purest_organization
-- ----------------------------
DROP TABLE IF EXISTS `purest_organization`;
CREATE TABLE `purest_organization`  (
  `ID` decimal(19, 0) NOT NULL COMMENT '主键Id',
  `CREATE_BY` decimal(19, 0) NOT NULL COMMENT '创建人',
  `CREATE_TIME` datetime(0) NOT NULL COMMENT '创建时间',
  `UPDATE_BY` decimal(19, 0) NULL DEFAULT NULL COMMENT '修改人',
  `UPDATE_TIME` datetime(0) NULL DEFAULT NULL COMMENT '修改时间',
  `REMARK` varchar(1000) CHARACTER SET utf8mb4 COLLATE utf8mb4_0900_ai_ci NULL DEFAULT NULL COMMENT '备注',
  `NAME` varchar(100) CHARACTER SET utf8mb4 COLLATE utf8mb4_0900_ai_ci NOT NULL COMMENT '名称',
  `PARENT_ID` decimal(19, 0) NULL DEFAULT NULL COMMENT '父级Id',
  `TELEPHONE` varchar(20) CHARACTER SET utf8mb4 COLLATE utf8mb4_0900_ai_ci NULL DEFAULT NULL COMMENT '联系电话',
  `LEADER` varchar(20) CHARACTER SET utf8mb4 COLLATE utf8mb4_0900_ai_ci NULL DEFAULT NULL COMMENT '负责人',
  `SORT` int(11) NULL DEFAULT NULL COMMENT '排序',
  PRIMARY KEY (`ID`) USING BTREE,
  INDEX `FK_Reference_8`(`PARENT_ID`) USING BTREE,
  CONSTRAINT `FK_Reference_8` FOREIGN KEY (`PARENT_ID`) REFERENCES `purest_organization` (`id`) ON DELETE RESTRICT ON UPDATE RESTRICT
) ENGINE = InnoDB CHARACTER SET = utf8mb4 COLLATE = utf8mb4_0900_ai_ci COMMENT = '组织机构' ROW_FORMAT = Dynamic;

-- ----------------------------
-- Records of purest_organization
-- ----------------------------
INSERT INTO `purest_organization` VALUES (1, 11, '2023-08-21 11:34:50', 450221440348101, '2023-09-12 18:12:38', 'dsf', '测试', 450221440147397, '123', 'ces', 1);
INSERT INTO `purest_organization` VALUES (450221440147397, 0, '2023-08-15 14:55:46', NULL, NULL, NULL, '初始化组织机构', NULL, NULL, 'dym', NULL);
INSERT INTO `purest_organization` VALUES (460179094986693, 450221440348101, '2023-09-12 18:13:34', 450221440348101, '2023-09-12 18:14:44', '舒服', '测试2', 1, '123', '测试2', 0);
INSERT INTO `purest_organization` VALUES (502256141144069, 450221440348101, '2024-01-09 15:45:30', NULL, NULL, '', '111', 450221440147397, '', '', 0);
INSERT INTO `purest_organization` VALUES (502256533979141, 450221440348101, '2024-01-09 15:47:06', NULL, NULL, '', '222', 502256141144069, '', '', 0);

-- ----------------------------
-- Table structure for purest_role
-- ----------------------------
DROP TABLE IF EXISTS `purest_role`;
CREATE TABLE `purest_role`  (
  `ID` decimal(19, 0) NOT NULL COMMENT '主键Id',
  `CREATE_BY` decimal(19, 0) NOT NULL COMMENT '创建人',
  `CREATE_TIME` datetime(0) NOT NULL COMMENT '创建时间',
  `UPDATE_BY` decimal(19, 0) NULL DEFAULT NULL COMMENT '修改人',
  `UPDATE_TIME` datetime(0) NULL DEFAULT NULL COMMENT '修改时间',
  `REMARK` varchar(1000) CHARACTER SET utf8mb4 COLLATE utf8mb4_0900_ai_ci NULL DEFAULT NULL COMMENT '备注',
  `NAME` varchar(20) CHARACTER SET utf8mb4 COLLATE utf8mb4_0900_ai_ci NOT NULL COMMENT '角色名称',
  `DESCRIPTION` varchar(200) CHARACTER SET utf8mb4 COLLATE utf8mb4_0900_ai_ci NULL DEFAULT NULL COMMENT '角色描述',
  PRIMARY KEY (`ID`) USING BTREE,
  INDEX `AK_ROLE_ROLENAME`(`NAME`) USING BTREE
) ENGINE = InnoDB CHARACTER SET = utf8mb4 COLLATE = utf8mb4_0900_ai_ci COMMENT = '角色' ROW_FORMAT = Dynamic;

-- ----------------------------
-- Records of purest_role
-- ----------------------------
INSERT INTO `purest_role` VALUES (450221440405445, 0, '2023-08-15 14:55:46', 450221440348101, '2023-08-23 18:02:29', '水电费', '超级管理员', '多少分sfdsfsf');
INSERT INTO `purest_role` VALUES (453098999496645, 450221440348101, '2023-08-23 18:04:35', 450221440348101, '2023-08-25 09:59:29', 'sfsfsfsdf师傅说', '测试', 'fsdfsfsd适当放松的方式舒服地方');

-- ----------------------------
-- Table structure for purest_role_function
-- ----------------------------
DROP TABLE IF EXISTS `purest_role_function`;
CREATE TABLE `purest_role_function`  (
  `ID` decimal(19, 0) NOT NULL COMMENT '主键Id',
  `CREATE_BY` decimal(19, 0) NOT NULL COMMENT '创建人',
  `CREATE_TIME` datetime(0) NOT NULL COMMENT '创建时间',
  `UPDATE_BY` decimal(19, 0) NULL DEFAULT NULL COMMENT '修改人',
  `UPDATE_TIME` datetime(0) NULL DEFAULT NULL COMMENT '修改时间',
  `REMARK` varchar(1000) CHARACTER SET utf8mb4 COLLATE utf8mb4_0900_ai_ci NULL DEFAULT NULL COMMENT '备注',
  `ROLE_ID` decimal(19, 0) NULL DEFAULT NULL COMMENT '角色ID',
  `FUNCTION_ID` decimal(19, 0) NULL DEFAULT NULL COMMENT '功能ID',
  PRIMARY KEY (`ID`) USING BTREE,
  INDEX `FK_Reference_15`(`ROLE_ID`) USING BTREE,
  INDEX `FK_Reference_16`(`FUNCTION_ID`) USING BTREE,
  CONSTRAINT `FK_Reference_15` FOREIGN KEY (`ROLE_ID`) REFERENCES `purest_role` (`id`) ON DELETE RESTRICT ON UPDATE RESTRICT,
  CONSTRAINT `FK_Reference_16` FOREIGN KEY (`FUNCTION_ID`) REFERENCES `purest_function` (`id`) ON DELETE RESTRICT ON UPDATE RESTRICT
) ENGINE = InnoDB CHARACTER SET = utf8mb4 COLLATE = utf8mb4_0900_ai_ci COMMENT = '角色功能表' ROW_FORMAT = Dynamic;

-- ----------------------------
-- Records of purest_role_function
-- ----------------------------
INSERT INTO `purest_role_function` VALUES (460180903931845, 450221440348101, '2023-09-12 18:20:56', NULL, NULL, NULL, 450221440405445, 450221440442309);
INSERT INTO `purest_role_function` VALUES (460180903931846, 450221440348101, '2023-09-12 18:20:56', NULL, NULL, NULL, 450221440405445, 450221440483269);
INSERT INTO `purest_role_function` VALUES (460180903931847, 450221440348101, '2023-09-12 18:20:56', NULL, NULL, NULL, 450221440405445, 450221440618437);
INSERT INTO `purest_role_function` VALUES (460180903931848, 450221440348101, '2023-09-12 18:20:56', NULL, NULL, NULL, 450221440405445, 450221440618438);
INSERT INTO `purest_role_function` VALUES (460180903931849, 450221440348101, '2023-09-12 18:20:56', NULL, NULL, NULL, 450221440405445, 450221440618439);
INSERT INTO `purest_role_function` VALUES (460180903931850, 450221440348101, '2023-09-12 18:20:56', NULL, NULL, NULL, 450221440405445, 450221440618440);
INSERT INTO `purest_role_function` VALUES (460180903931851, 450221440348101, '2023-09-12 18:20:56', NULL, NULL, NULL, 450221440405445, 450221440511941);
INSERT INTO `purest_role_function` VALUES (460180903931852, 450221440348101, '2023-09-12 18:20:56', NULL, NULL, NULL, 450221440405445, 450221440618441);
INSERT INTO `purest_role_function` VALUES (460180903931853, 450221440348101, '2023-09-12 18:20:56', NULL, NULL, NULL, 450221440405445, 450221440618442);
INSERT INTO `purest_role_function` VALUES (460180903931854, 450221440348101, '2023-09-12 18:20:56', NULL, NULL, NULL, 450221440405445, 450221440618443);
INSERT INTO `purest_role_function` VALUES (460180903931855, 450221440348101, '2023-09-12 18:20:56', NULL, NULL, NULL, 450221440405445, 450221440618444);
INSERT INTO `purest_role_function` VALUES (460180903931856, 450221440348101, '2023-09-12 18:20:56', NULL, NULL, NULL, 450221440405445, 450221440618445);
INSERT INTO `purest_role_function` VALUES (460180903931857, 450221440348101, '2023-09-12 18:20:56', NULL, NULL, NULL, 450221440405445, 450221440524229);
INSERT INTO `purest_role_function` VALUES (460180903931858, 450221440348101, '2023-09-12 18:20:56', NULL, NULL, NULL, 450221440405445, 450221440618446);
INSERT INTO `purest_role_function` VALUES (460180903931859, 450221440348101, '2023-09-12 18:20:56', NULL, NULL, NULL, 450221440405445, 450221440618447);
INSERT INTO `purest_role_function` VALUES (460180903931860, 450221440348101, '2023-09-12 18:20:56', NULL, NULL, NULL, 450221440405445, 450221440618448);
INSERT INTO `purest_role_function` VALUES (460180903931861, 450221440348101, '2023-09-12 18:20:56', NULL, NULL, NULL, 450221440405445, 450221440618449);
INSERT INTO `purest_role_function` VALUES (460180903931862, 450221440348101, '2023-09-12 18:20:56', NULL, NULL, NULL, 450221440405445, 450221440618450);
INSERT INTO `purest_role_function` VALUES (460180903931863, 450221440348101, '2023-09-12 18:20:56', NULL, NULL, NULL, 450221440405445, 450221440618451);
INSERT INTO `purest_role_function` VALUES (460180903931864, 450221440348101, '2023-09-12 18:20:56', NULL, NULL, NULL, 450221440405445, 450221440536517);
INSERT INTO `purest_role_function` VALUES (460180903931865, 450221440348101, '2023-09-12 18:20:56', NULL, NULL, NULL, 450221440405445, 450221440618452);
INSERT INTO `purest_role_function` VALUES (460180903931866, 450221440348101, '2023-09-12 18:20:56', NULL, NULL, NULL, 450221440405445, 450221440618453);
INSERT INTO `purest_role_function` VALUES (460180903931867, 450221440348101, '2023-09-12 18:20:56', NULL, NULL, NULL, 450221440405445, 450221440618454);
INSERT INTO `purest_role_function` VALUES (460180903931868, 450221440348101, '2023-09-12 18:20:56', NULL, NULL, NULL, 450221440405445, 450221440618455);
INSERT INTO `purest_role_function` VALUES (460180903931869, 450221440348101, '2023-09-12 18:20:56', NULL, NULL, NULL, 450221440405445, 450221440544709);
INSERT INTO `purest_role_function` VALUES (460180903931870, 450221440348101, '2023-09-12 18:20:56', NULL, NULL, NULL, 450221440405445, 450221440618456);
INSERT INTO `purest_role_function` VALUES (460180903931871, 450221440348101, '2023-09-12 18:20:56', NULL, NULL, NULL, 450221440405445, 450221440618457);
INSERT INTO `purest_role_function` VALUES (460180903931872, 450221440348101, '2023-09-12 18:20:56', NULL, NULL, NULL, 450221440405445, 450221440618458);
INSERT INTO `purest_role_function` VALUES (460180903931873, 450221440348101, '2023-09-12 18:20:56', NULL, NULL, NULL, 450221440405445, 450221440618459);
INSERT INTO `purest_role_function` VALUES (460180903931874, 450221440348101, '2023-09-12 18:20:56', NULL, NULL, NULL, 450221440405445, 450221440556997);
INSERT INTO `purest_role_function` VALUES (460180903931875, 450221440348101, '2023-09-12 18:20:56', NULL, NULL, NULL, 450221440405445, 450221440618460);
INSERT INTO `purest_role_function` VALUES (460180903931876, 450221440348101, '2023-09-12 18:20:56', NULL, NULL, NULL, 450221440405445, 450221440618461);
INSERT INTO `purest_role_function` VALUES (460180903931877, 450221440348101, '2023-09-12 18:20:56', NULL, NULL, NULL, 450221440405445, 450221440618462);
INSERT INTO `purest_role_function` VALUES (460180903931878, 450221440348101, '2023-09-12 18:20:56', NULL, NULL, NULL, 450221440405445, 450221440618463);
INSERT INTO `purest_role_function` VALUES (502185135808517, 450221440348101, '2024-01-09 10:56:35', NULL, NULL, NULL, 453098999496645, 450221440442309);
INSERT INTO `purest_role_function` VALUES (502185135808518, 450221440348101, '2024-01-09 10:56:35', NULL, NULL, NULL, 453098999496645, 450221440483269);
INSERT INTO `purest_role_function` VALUES (502185135808519, 450221440348101, '2024-01-09 10:56:35', NULL, NULL, NULL, 453098999496645, 450221440618438);
INSERT INTO `purest_role_function` VALUES (502185135808520, 450221440348101, '2024-01-09 10:56:35', NULL, NULL, NULL, 453098999496645, 450221440618439);
INSERT INTO `purest_role_function` VALUES (502185135808521, 450221440348101, '2024-01-09 10:56:35', NULL, NULL, NULL, 453098999496645, 450221440618440);
INSERT INTO `purest_role_function` VALUES (502185135808522, 450221440348101, '2024-01-09 10:56:35', NULL, NULL, NULL, 453098999496645, 450221440511941);
INSERT INTO `purest_role_function` VALUES (502185135808523, 450221440348101, '2024-01-09 10:56:35', NULL, NULL, NULL, 453098999496645, 450221440618441);
INSERT INTO `purest_role_function` VALUES (502185135808524, 450221440348101, '2024-01-09 10:56:35', NULL, NULL, NULL, 453098999496645, 450221440618442);
INSERT INTO `purest_role_function` VALUES (502185135808525, 450221440348101, '2024-01-09 10:56:35', NULL, NULL, NULL, 453098999496645, 450221440618443);
INSERT INTO `purest_role_function` VALUES (502185135808526, 450221440348101, '2024-01-09 10:56:35', NULL, NULL, NULL, 453098999496645, 450221440618444);
INSERT INTO `purest_role_function` VALUES (502185135808527, 450221440348101, '2024-01-09 10:56:35', NULL, NULL, NULL, 453098999496645, 450221440618445);
INSERT INTO `purest_role_function` VALUES (502185135808528, 450221440348101, '2024-01-09 10:56:35', NULL, NULL, NULL, 453098999496645, 450221440524229);
INSERT INTO `purest_role_function` VALUES (502185135808529, 450221440348101, '2024-01-09 10:56:35', NULL, NULL, NULL, 453098999496645, 450221440618446);
INSERT INTO `purest_role_function` VALUES (502185135808530, 450221440348101, '2024-01-09 10:56:35', NULL, NULL, NULL, 453098999496645, 450221440618447);
INSERT INTO `purest_role_function` VALUES (502185135808531, 450221440348101, '2024-01-09 10:56:35', NULL, NULL, NULL, 453098999496645, 450221440618448);
INSERT INTO `purest_role_function` VALUES (502185135808532, 450221440348101, '2024-01-09 10:56:35', NULL, NULL, NULL, 453098999496645, 450221440618449);
INSERT INTO `purest_role_function` VALUES (502185135808533, 450221440348101, '2024-01-09 10:56:35', NULL, NULL, NULL, 453098999496645, 450221440618450);
INSERT INTO `purest_role_function` VALUES (502185135808534, 450221440348101, '2024-01-09 10:56:35', NULL, NULL, NULL, 453098999496645, 450221440618451);
INSERT INTO `purest_role_function` VALUES (502185135808535, 450221440348101, '2024-01-09 10:56:35', NULL, NULL, NULL, 453098999496645, 450221440536517);
INSERT INTO `purest_role_function` VALUES (502185135808536, 450221440348101, '2024-01-09 10:56:35', NULL, NULL, NULL, 453098999496645, 450221440618452);
INSERT INTO `purest_role_function` VALUES (502185135808537, 450221440348101, '2024-01-09 10:56:35', NULL, NULL, NULL, 453098999496645, 450221440618453);
INSERT INTO `purest_role_function` VALUES (502185135808538, 450221440348101, '2024-01-09 10:56:35', NULL, NULL, NULL, 453098999496645, 450221440618454);
INSERT INTO `purest_role_function` VALUES (502185135808539, 450221440348101, '2024-01-09 10:56:35', NULL, NULL, NULL, 453098999496645, 450221440618455);
INSERT INTO `purest_role_function` VALUES (502185135808540, 450221440348101, '2024-01-09 10:56:35', NULL, NULL, NULL, 453098999496645, 450221440544709);
INSERT INTO `purest_role_function` VALUES (502185135808541, 450221440348101, '2024-01-09 10:56:35', NULL, NULL, NULL, 453098999496645, 450221440618456);
INSERT INTO `purest_role_function` VALUES (502185135808542, 450221440348101, '2024-01-09 10:56:35', NULL, NULL, NULL, 453098999496645, 450221440618457);
INSERT INTO `purest_role_function` VALUES (502185135808543, 450221440348101, '2024-01-09 10:56:35', NULL, NULL, NULL, 453098999496645, 450221440618458);
INSERT INTO `purest_role_function` VALUES (502185135808544, 450221440348101, '2024-01-09 10:56:35', NULL, NULL, NULL, 453098999496645, 450221440618459);
INSERT INTO `purest_role_function` VALUES (502185135808545, 450221440348101, '2024-01-09 10:56:35', NULL, NULL, NULL, 453098999496645, 450221440556997);
INSERT INTO `purest_role_function` VALUES (502185135808546, 450221440348101, '2024-01-09 10:56:35', NULL, NULL, NULL, 453098999496645, 450221440618460);
INSERT INTO `purest_role_function` VALUES (502185135808547, 450221440348101, '2024-01-09 10:56:35', NULL, NULL, NULL, 453098999496645, 450221440618461);
INSERT INTO `purest_role_function` VALUES (502185135808548, 450221440348101, '2024-01-09 10:56:35', NULL, NULL, NULL, 453098999496645, 450221440618462);
INSERT INTO `purest_role_function` VALUES (502185135808549, 450221440348101, '2024-01-09 10:56:35', NULL, NULL, NULL, 453098999496645, 450221440618463);

-- ----------------------------
-- Table structure for purest_role_interface
-- ----------------------------
DROP TABLE IF EXISTS `purest_role_interface`;
CREATE TABLE `purest_role_interface`  (
  `ID` decimal(19, 0) NOT NULL COMMENT '主键Id',
  `CREATE_BY` decimal(19, 0) NOT NULL COMMENT '创建人',
  `CREATE_TIME` datetime(0) NOT NULL COMMENT '创建时间',
  `UPDATE_BY` decimal(19, 0) NULL DEFAULT NULL COMMENT '修改人',
  `UPDATE_TIME` datetime(0) NULL DEFAULT NULL COMMENT '修改时间',
  `REMARK` varchar(1000) CHARACTER SET utf8mb4 COLLATE utf8mb4_0900_ai_ci NULL DEFAULT NULL COMMENT '备注',
  `ROLE_ID` decimal(19, 0) NULL DEFAULT NULL COMMENT '角色ID',
  `INTERFACE_ID` decimal(19, 0) NULL DEFAULT NULL COMMENT '接口ID',
  PRIMARY KEY (`ID`) USING BTREE,
  INDEX `FK_Reference_13`(`ROLE_ID`) USING BTREE,
  INDEX `FK_Reference_14`(`INTERFACE_ID`) USING BTREE,
  CONSTRAINT `FK_Reference_13` FOREIGN KEY (`ROLE_ID`) REFERENCES `purest_role` (`id`) ON DELETE RESTRICT ON UPDATE RESTRICT,
  CONSTRAINT `FK_Reference_14` FOREIGN KEY (`INTERFACE_ID`) REFERENCES `purest_interface` (`id`) ON DELETE RESTRICT ON UPDATE RESTRICT
) ENGINE = InnoDB CHARACTER SET = utf8mb4 COLLATE = utf8mb4_0900_ai_ci COMMENT = '角色接口表' ROW_FORMAT = Dynamic;

-- ----------------------------
-- Records of purest_role_interface
-- ----------------------------
INSERT INTO `purest_role_interface` VALUES (450609810063301, 0, '2023-08-16 17:29:02', NULL, NULL, NULL, 450221440405445, 450609810063301);
INSERT INTO `purest_role_interface` VALUES (450609810063302, 0, '2023-08-16 17:29:02', NULL, NULL, NULL, 450221440405445, 450609810063302);
INSERT INTO `purest_role_interface` VALUES (450609810063303, 0, '2023-08-16 17:29:02', NULL, NULL, NULL, 450221440405445, 450609810063303);
INSERT INTO `purest_role_interface` VALUES (450609810202565, 0, '2023-08-16 17:29:02', NULL, NULL, NULL, 450221440405445, 450609810202565);
INSERT INTO `purest_role_interface` VALUES (450609810202566, 0, '2023-08-16 17:29:02', NULL, NULL, NULL, 450221440405445, 450609810202566);
INSERT INTO `purest_role_interface` VALUES (450609810202567, 0, '2023-08-16 17:29:02', NULL, NULL, NULL, 450221440405445, 450609810202567);
INSERT INTO `purest_role_interface` VALUES (450609810202568, 0, '2023-08-16 17:29:02', NULL, NULL, NULL, 450221440405445, 450609810202568);
INSERT INTO `purest_role_interface` VALUES (450609810202569, 0, '2023-08-16 17:29:02', NULL, NULL, NULL, 450221440405445, 450609810202569);
INSERT INTO `purest_role_interface` VALUES (450609810386885, 0, '2023-08-16 17:29:02', NULL, NULL, NULL, 450221440405445, 450609810386885);
INSERT INTO `purest_role_interface` VALUES (450609810386886, 0, '2023-08-16 17:29:02', NULL, NULL, NULL, 450221440405445, 450609810386886);
INSERT INTO `purest_role_interface` VALUES (450609810386887, 0, '2023-08-16 17:29:02', NULL, NULL, NULL, 450221440405445, 450609810386887);
INSERT INTO `purest_role_interface` VALUES (450609810386888, 0, '2023-08-16 17:29:02', NULL, NULL, NULL, 450221440405445, 450609810386888);
INSERT INTO `purest_role_interface` VALUES (450609810386889, 0, '2023-08-16 17:29:02', NULL, NULL, NULL, 450221440405445, 450609810386889);
INSERT INTO `purest_role_interface` VALUES (450609810386890, 0, '2023-08-16 17:29:02', NULL, NULL, NULL, 450221440405445, 450609810386890);
INSERT INTO `purest_role_interface` VALUES (450609810522053, 0, '2023-08-16 17:29:02', NULL, NULL, NULL, 450221440405445, 450609810522053);
INSERT INTO `purest_role_interface` VALUES (450609810522054, 0, '2023-08-16 17:29:02', NULL, NULL, NULL, 450221440405445, 450609810522054);
INSERT INTO `purest_role_interface` VALUES (450609810522055, 0, '2023-08-16 17:29:02', NULL, NULL, NULL, 450221440405445, 450609810522055);
INSERT INTO `purest_role_interface` VALUES (450609810522056, 0, '2023-08-16 17:29:02', NULL, NULL, NULL, 450221440405445, 450609810522056);
INSERT INTO `purest_role_interface` VALUES (450609810649029, 0, '2023-08-16 17:29:02', NULL, NULL, NULL, 450221440405445, 450609810649029);
INSERT INTO `purest_role_interface` VALUES (450609810649030, 0, '2023-08-16 17:29:02', NULL, NULL, NULL, 450221440405445, 450609810649030);
INSERT INTO `purest_role_interface` VALUES (450609810649031, 0, '2023-08-16 17:29:02', NULL, NULL, NULL, 450221440405445, 450609810649031);
INSERT INTO `purest_role_interface` VALUES (450609810649032, 0, '2023-08-16 17:29:02', NULL, NULL, NULL, 450221440405445, 450609810649032);
INSERT INTO `purest_role_interface` VALUES (450609810649033, 0, '2023-08-16 17:29:02', NULL, NULL, NULL, 450221440405445, 450609810649033);
INSERT INTO `purest_role_interface` VALUES (450609810816965, 0, '2023-08-16 17:29:02', NULL, NULL, NULL, 450221440405445, 450609810816965);
INSERT INTO `purest_role_interface` VALUES (450609811034053, 0, '2023-08-16 17:29:02', NULL, NULL, NULL, 450221440405445, 450609811034053);
INSERT INTO `purest_role_interface` VALUES (450609811034054, 0, '2023-08-16 17:29:02', NULL, NULL, NULL, 450221440405445, 450609811034054);
INSERT INTO `purest_role_interface` VALUES (450609811034055, 0, '2023-08-16 17:29:02', NULL, NULL, NULL, 450221440405445, 450609811034055);
INSERT INTO `purest_role_interface` VALUES (450609811034056, 0, '2023-08-16 17:29:02', NULL, NULL, NULL, 450221440405445, 450609811034056);
INSERT INTO `purest_role_interface` VALUES (450609811034057, 0, '2023-08-16 17:29:02', NULL, NULL, NULL, 450221440405445, 450609811034057);
INSERT INTO `purest_role_interface` VALUES (450609811152837, 0, '2023-08-16 17:29:02', NULL, NULL, NULL, 450221440405445, 450609811152837);
INSERT INTO `purest_role_interface` VALUES (450609811152838, 0, '2023-08-16 17:29:02', NULL, NULL, NULL, 450221440405445, 450609811152838);
INSERT INTO `purest_role_interface` VALUES (450609811152839, 0, '2023-08-16 17:29:02', NULL, NULL, NULL, 450221440405445, 450609811152839);
INSERT INTO `purest_role_interface` VALUES (450609811152840, 0, '2023-08-16 17:29:02', NULL, NULL, NULL, 450221440405445, 450609811152840);
INSERT INTO `purest_role_interface` VALUES (450609811152841, 0, '2023-08-16 17:29:02', NULL, NULL, NULL, 450221440405445, 450609811152841);
INSERT INTO `purest_role_interface` VALUES (450609811152842, 0, '2023-08-16 17:29:02', NULL, NULL, NULL, 450221440405445, 450609811152842);
INSERT INTO `purest_role_interface` VALUES (450609811152843, 0, '2023-08-16 17:29:02', NULL, NULL, NULL, 450221440405445, 450609811152843);
INSERT INTO `purest_role_interface` VALUES (450609811283909, 0, '2023-08-16 17:29:02', NULL, NULL, NULL, 450221440405445, 450609811283909);
INSERT INTO `purest_role_interface` VALUES (450609811283910, 0, '2023-08-16 17:29:02', NULL, NULL, NULL, 450221440405445, 450609811283910);
INSERT INTO `purest_role_interface` VALUES (450609811283911, 0, '2023-08-16 17:29:02', NULL, NULL, NULL, 450221440405445, 450609811283911);
INSERT INTO `purest_role_interface` VALUES (450609811283912, 0, '2023-08-16 17:29:02', NULL, NULL, NULL, 450221440405445, 450609811283912);
INSERT INTO `purest_role_interface` VALUES (450609811283913, 0, '2023-08-16 17:29:02', NULL, NULL, NULL, 450221440405445, 450609811283913);
INSERT INTO `purest_role_interface` VALUES (450609811410885, 0, '2023-08-16 17:29:02', NULL, NULL, NULL, 450221440405445, 450609811410885);
INSERT INTO `purest_role_interface` VALUES (450609811410886, 0, '2023-08-16 17:29:02', NULL, NULL, NULL, 450221440405445, 450609811410886);
INSERT INTO `purest_role_interface` VALUES (450609811410887, 0, '2023-08-16 17:29:02', NULL, NULL, NULL, 450221440405445, 450609811410887);
INSERT INTO `purest_role_interface` VALUES (450609811410888, 0, '2023-08-16 17:29:02', NULL, NULL, NULL, 450221440405445, 450609811410888);
INSERT INTO `purest_role_interface` VALUES (450609811410889, 0, '2023-08-16 17:29:02', NULL, NULL, NULL, 450221440405445, 450609811410889);
INSERT INTO `purest_role_interface` VALUES (450609811410890, 0, '2023-08-16 17:29:02', NULL, NULL, NULL, 450221440405445, 450609811410890);
INSERT INTO `purest_role_interface` VALUES (450609811410891, 0, '2023-08-16 17:29:02', NULL, NULL, NULL, 450221440405445, 1);

-- ----------------------------
-- Table structure for purest_system_config
-- ----------------------------
DROP TABLE IF EXISTS `purest_system_config`;
CREATE TABLE `purest_system_config`  (
  `ID` decimal(19, 0) NOT NULL COMMENT '主键Id',
  `CREATE_BY` decimal(19, 0) NOT NULL COMMENT '创建人',
  `CREATE_TIME` datetime(0) NOT NULL COMMENT '创建时间',
  `UPDATE_BY` decimal(19, 0) NULL DEFAULT NULL COMMENT '修改人',
  `UPDATE_TIME` datetime(0) NULL DEFAULT NULL COMMENT '修改时间',
  `REMARK` varchar(1000) CHARACTER SET utf8mb4 COLLATE utf8mb4_0900_ai_ci NULL DEFAULT NULL COMMENT '备注',
  `NAME` varchar(20) CHARACTER SET utf8mb4 COLLATE utf8mb4_0900_ai_ci NULL DEFAULT NULL COMMENT '名称',
  `CONFIG_CODE` varchar(40) CHARACTER SET utf8mb4 COLLATE utf8mb4_0900_ai_ci NULL DEFAULT NULL COMMENT '编码',
  `CONFIG_VALUE` varchar(1000) CHARACTER SET utf8mb4 COLLATE utf8mb4_0900_ai_ci NULL DEFAULT NULL COMMENT '值',
  PRIMARY KEY (`ID`) USING BTREE
) ENGINE = InnoDB CHARACTER SET = utf8mb4 COLLATE = utf8mb4_0900_ai_ci COMMENT = '系统配置表' ROW_FORMAT = Dynamic;

-- ----------------------------
-- Records of purest_system_config
-- ----------------------------
INSERT INTO `purest_system_config` VALUES (458767729799109, 450221440348101, '2023-09-08 18:30:42', 450221440348101, '2023-09-08 18:30:50', 'sfsfs', '测试', 'test1', '1111asdf');
INSERT INTO `purest_system_config` VALUES (502274857783301, 450221440348101, '2024-01-09 17:01:40', NULL, NULL, '', '12312', '1312', '1311');

-- ----------------------------
-- Table structure for purest_user
-- ----------------------------
DROP TABLE IF EXISTS `purest_user`;
CREATE TABLE `purest_user`  (
  `ID` decimal(19, 0) NOT NULL COMMENT '主键Id',
  `CREATE_BY` decimal(19, 0) NOT NULL COMMENT '创建人',
  `CREATE_TIME` datetime(0) NOT NULL COMMENT '创建时间',
  `UPDATE_BY` decimal(19, 0) NULL DEFAULT NULL COMMENT '修改人',
  `UPDATE_TIME` datetime(0) NULL DEFAULT NULL COMMENT '修改时间',
  `REMARK` varchar(1000) CHARACTER SET utf8mb4 COLLATE utf8mb4_0900_ai_ci NULL DEFAULT NULL COMMENT '备注',
  `ACCOUNT` varchar(36) CHARACTER SET utf8mb4 COLLATE utf8mb4_0900_ai_ci NOT NULL COMMENT '账号',
  `PASSWORD` varchar(100) CHARACTER SET utf8mb4 COLLATE utf8mb4_0900_ai_ci NOT NULL COMMENT '密码',
  `NAME` varchar(20) CHARACTER SET utf8mb4 COLLATE utf8mb4_0900_ai_ci NOT NULL COMMENT '真实姓名',
  `TELEPHONE` varchar(11) CHARACTER SET utf8mb4 COLLATE utf8mb4_0900_ai_ci NULL DEFAULT NULL COMMENT '电话',
  `EMAIL` varchar(20) CHARACTER SET utf8mb4 COLLATE utf8mb4_0900_ai_ci NULL DEFAULT NULL COMMENT '邮箱',
  `AVATAR` longblob NULL COMMENT '头像',
  `ORGANIZATION_ID` decimal(19, 0) NOT NULL COMMENT '组织机构Id',
  PRIMARY KEY (`ID`) USING BTREE,
  INDEX `AK_USER_ACCOUNT`(`ACCOUNT`) USING BTREE,
  INDEX `FK_Reference_7`(`ORGANIZATION_ID`) USING BTREE,
  CONSTRAINT `FK_Reference_7` FOREIGN KEY (`ORGANIZATION_ID`) REFERENCES `purest_organization` (`id`) ON DELETE RESTRICT ON UPDATE RESTRICT
) ENGINE = InnoDB CHARACTER SET = utf8mb4 COLLATE = utf8mb4_0900_ai_ci COMMENT = '用户' ROW_FORMAT = Dynamic;

-- ----------------------------
-- Records of purest_user
-- ----------------------------
INSERT INTO `purest_user` VALUES (450221440348101, 0, '2023-08-15 14:55:46', 450221440348101, '2024-01-03 17:08:37', 'afsdf水电费多少', 'admin', 'e10adc3949ba59abbe56e057f20f883e', 'aaa', 'string', 'string', NULL, 450221440147397);

-- ----------------------------
-- Table structure for purest_user_role
-- ----------------------------
DROP TABLE IF EXISTS `purest_user_role`;
CREATE TABLE `purest_user_role`  (
  `ID` decimal(19, 0) NOT NULL COMMENT '主键Id',
  `CREATE_BY` decimal(19, 0) NOT NULL COMMENT '创建人',
  `CREATE_TIME` datetime(0) NOT NULL COMMENT '创建时间',
  `UPDATE_BY` decimal(19, 0) NULL DEFAULT NULL COMMENT '修改人',
  `UPDATE_TIME` datetime(0) NULL DEFAULT NULL COMMENT '修改时间',
  `REMARK` varchar(1000) CHARACTER SET utf8mb4 COLLATE utf8mb4_0900_ai_ci NULL DEFAULT NULL COMMENT '备注',
  `ROLE_ID` decimal(19, 0) NOT NULL COMMENT '角色ID',
  `USER_ID` decimal(19, 0) NOT NULL COMMENT '用户ID',
  PRIMARY KEY (`ID`) USING BTREE,
  INDEX `FK_Reference_4`(`ROLE_ID`) USING BTREE,
  INDEX `FK_Reference_6`(`USER_ID`) USING BTREE,
  CONSTRAINT `FK_Reference_4` FOREIGN KEY (`ROLE_ID`) REFERENCES `purest_role` (`id`) ON DELETE RESTRICT ON UPDATE RESTRICT,
  CONSTRAINT `FK_Reference_6` FOREIGN KEY (`USER_ID`) REFERENCES `purest_user` (`id`) ON DELETE RESTRICT ON UPDATE RESTRICT
) ENGINE = InnoDB CHARACTER SET = utf8mb4 COLLATE = utf8mb4_0900_ai_ci COMMENT = '用户角色' ROW_FORMAT = Dynamic;

-- ----------------------------
-- Records of purest_user_role
-- ----------------------------
INSERT INTO `purest_user_role` VALUES (452724994846661, 450221440348101, '2023-08-22 16:42:45', NULL, NULL, NULL, 450221440405445, 450221440348101);

SET FOREIGN_KEY_CHECKS = 1;
